{
  "episode": 4,
  "model_type": "PPO-GNN",
  "epsilon": 0.0,
  "global_step": 1500,
  "agents": 20,
  "learning_rate": 0.0004096000000000001,
  "avg_reward": -2116.9387499999993,
  "avg_queue": 5.573166666666668,
  "throughput": 3416.0,
  "avg_travel_time": 20.64871194379391,
  "updates": 1.0,
  "loss": 0.0,
  "policy_loss": -0.008764657424762845,
  "value_loss": 14328.9248046875,
  "time_of_day": 0.0,
  "global_congestion": 0.55
}