{
  "episode": 100,
  "total_episodes": 100,
  "model_type": "DQN",
  "epsilon": 0.1,
  "per_beta": 1.0,
  "global_step": 60000,
  "training_updates": 600.0,
  "agents": 9,
  "learning_rate": 0.0001,
  "avg_reward": 0.002876543209876543,
  "avg_queue": 39.333333333333336,
  "throughput": 251,
  "avg_travel_time": 208.69950738916256,
  "updates": 600.0,
  "loss": 0.09658143724314869,
  "policy_loss": 0.0,
  "value_loss": 0.0,
  "time_of_day": 0.0,
  "global_congestion": 0.0
}