{
  "episode": 19,
  "model_type": "DQN",
  "epsilon": 0.5725,
  "global_step": 4000,
  "agents": 16,
  "learning_rate": 0.0005120000000000001,
  "avg_reward": -1109.128125,
  "avg_queue": 4.2728125,
  "throughput": 1867.0,
  "avg_travel_time": 16.169255490091054,
  "updates": 200.0,
  "loss": 2.328988258242607,
  "policy_loss": 0.0,
  "value_loss": 0.0,
  "time_of_day": 0.0,
  "global_congestion": 0.4375
}