{
  "Fixed-Time": {
    "avg_queue_pcu": {
      "mean": 15.475444444444443,
      "std": 1.4771119637031735,
      "n_episodes": 15
    },
    "avg_travel_time": {
      "mean": 130.34899870993243,
      "std": 5.1952043088693625,
      "n_episodes": 15
    },
    "throughput": {
      "mean": 482.8,
      "std": 33.45683786612237,
      "n_episodes": 15
    }
  },
  "Webster": {
    "avg_queue_pcu": {
      "mean": 15.643783950617282,
      "std": 1.043583312078432,
      "n_episodes": 15
    },
    "avg_travel_time": {
      "mean": 128.97548852030397,
      "std": 4.029419645569595,
      "n_episodes": 15
    },
    "throughput": {
      "mean": 502.93333333333334,
      "std": 14.354867544572544,
      "n_episodes": 15
    }
  },
  "MaxPressure": {
    "avg_queue_pcu": {
      "mean": 16.618117283950617,
      "std": 0.9579469452273676,
      "n_episodes": 15
    },
    "avg_travel_time": {
      "mean": 100.93417656371437,
      "std": 9.880803646440418,
      "n_episodes": 15
    },
    "throughput": {
      "mean": 435.3333333333333,
      "std": 28.186679280981092,
      "n_episodes": 15
    }
  }
}