{
  "DQN": {
    "avg_queue": {
      "mean": 13.872584656084657,
      "n_rows": 35
    },
    "throughput": {
      "mean": 394.8857142857143,
      "n_rows": 35
    }
  },
  "GNN-DQN": {
    "avg_queue": {
      "mean": 10.920137566137567,
      "n_rows": 35
    },
    "throughput": {
      "mean": 448.7142857142857,
      "n_rows": 35
    }
  },
  "GAT-DQN-Base": {
    "avg_queue": {
      "mean": 10.867793650793649,
      "n_rows": 35
    },
    "throughput": {
      "mean": 453.0857142857143,
      "n_rows": 35
    }
  },
  "GAT-DQN": {
    "avg_queue": {
      "mean": 10.664317460317461,
      "n_rows": 35
    },
    "throughput": {
      "mean": 462.6,
      "n_rows": 35
    }
  }
}