{
  "DQN": {
    "avg_queue": {
      "mean": 13.92663163163163,
      "n_rows": 37
    },
    "throughput": {
      "mean": 392.02702702702703,
      "n_rows": 37
    }
  },
  "GNN-DQN": {
    "avg_queue": {
      "mean": 10.90484734734735,
      "n_rows": 37
    },
    "throughput": {
      "mean": 448.81081081081084,
      "n_rows": 37
    }
  },
  "GAT-DQN-Base": {
    "avg_queue": {
      "mean": 10.806118618618617,
      "n_rows": 37
    },
    "throughput": {
      "mean": 455.2162162162162,
      "n_rows": 37
    }
  },
  "GAT-DQN": {
    "avg_queue": {
      "mean": 10.772977977977979,
      "n_rows": 37
    },
    "throughput": {
      "mean": 460.86486486486484,
      "n_rows": 37
    }
  }
}