{
  "DQN": {
    "n_seeds": 3,
    "seeds_used": [
      1,
      2,
      3
    ],
    "avg_queue": {
      "mean": 11.264814814814814,
      "std": 0.5743567603478621,
      "values": [
        10.761111111111113,
        12.068518518518516,
        10.964814814814813
      ]
    },
    "avg_travel_time": {
      "mean": 118.32016266400463,
      "std": 1.3397422418547342,
      "values": [
        116.7720542694935,
        120.04020005933934,
        118.14823366318107
      ]
    },
    "throughput": {
      "mean": 224.95555555555555,
      "std": 8.056528676855041,
      "values": [
        235.53333333333333,
        216.0,
        223.33333333333334
      ]
    },
    "waiting_time": null
  },
  "GNN-DQN": {
    "n_seeds": 3,
    "seeds_used": [
      1,
      2,
      3
    ],
    "avg_queue": {
      "mean": 8.946502057613168,
      "std": 0.2776472410856635,
      "values": [
        9.328703703703704,
        8.67746913580247,
        8.833333333333334
      ]
    },
    "avg_travel_time": {
      "mean": 118.0409673837736,
      "std": 1.2632961091801376,
      "values": [
        119.41707910614238,
        118.33962981312304,
        116.36619323205542
      ]
    },
    "throughput": {
      "mean": 254.25925925925927,
      "std": 4.034912794844874,
      "values": [
        249.05555555555554,
        254.83333333333334,
        258.8888888888889
      ]
    },
    "waiting_time": null
  },
  "GAT-DQN-Base": {
    "n_seeds": 3,
    "seeds_used": [
      1,
      2,
      3
    ],
    "avg_queue": {
      "mean": 6.02723311546841,
      "std": 0.2862240598463262,
      "values": [
        5.658496732026144,
        6.356209150326797,
        6.066993464052288
      ]
    },
    "avg_travel_time": {
      "mean": 105.57809842448314,
      "std": 0.605913158920335,
      "values": [
        105.1101510879689,
        106.43373526674702,
        105.19040891873352
      ]
    },
    "throughput": {
      "mean": 295.078431372549,
      "std": 0.6377825869525549,
      "values": [
        295.52941176470586,
        294.1764705882353,
        295.52941176470586
      ]
    },
    "waiting_time": null
  },
  "GAT-DQN": {
    "n_seeds": 3,
    "seeds_used": [
      1,
      2,
      3
    ],
    "avg_queue": {
      "mean": 4.905555555555556,
      "std": 0.34415559373970994,
      "values": [
        5.181481481481482,
        4.42037037037037,
        5.114814814814816
      ]
    },
    "avg_travel_time": {
      "mean": 96.56249927774337,
      "std": 1.8961475257401428,
      "values": [
        98.37700213113634,
        93.94535086428795,
        97.3651448378058
      ]
    },
    "throughput": {
      "mean": 316.15555555555557,
      "std": 3.3666483314498996,
      "values": [
        311.4,
        318.3333333333333,
        318.73333333333335
      ]
    },
    "waiting_time": null
  },
  "ST-GAT": {
    "n_seeds": 3,
    "seeds_used": [
      1,
      2,
      3
    ],
    "avg_queue": {
      "mean": 9.240123456790124,
      "std": 0.9053681839696096,
      "values": [
        7.970370370370371,
        9.732407407407408,
        10.017592592592592
      ]
    },
    "avg_travel_time": {
      "mean": 118.04499428103945,
      "std": 1.8370057401520798,
      "values": [
        115.97099412113413,
        117.72708564208808,
        120.4369030798961
      ]
    },
    "throughput": {
      "mean": 253.37777777777777,
      "std": 13.219579567846225,
      "values": [
        270.93333333333334,
        250.16666666666666,
        239.03333333333333
      ]
    },
    "waiting_time": null
  },
  "Fed-ST-GAT": {
    "n_seeds": 3,
    "seeds_used": [
      1,
      2,
      3
    ],
    "avg_queue": {
      "mean": 4.702020202020202,
      "std": 0.4021472905392997,
      "values": [
        4.396464646464647,
        4.4393939393939394,
        5.270202020202021
      ]
    },
    "avg_travel_time": {
      "mean": 93.13610184055888,
      "std": 1.5149708119833063,
      "values": [
        91.50755830482471,
        92.74472469356482,
        95.15602252328712
      ]
    },
    "throughput": {
      "mean": 315.60606060606057,
      "std": 3.591644215764625,
      "values": [
        319.0,
        310.6363636363636,
        317.1818181818182
      ]
    },
    "waiting_time": null
  }
}