{
  "DQN": {
    "avg_queue": {
      "mean": 13.717895061728393,
      "n_rows": 30
    },
    "throughput": {
      "mean": 398.3,
      "n_rows": 30
    }
  },
  "GNN-DQN": {
    "avg_queue": {
      "mean": 10.932212962962963,
      "n_rows": 30
    },
    "throughput": {
      "mean": 448.1,
      "n_rows": 30
    }
  },
  "GAT-DQN-Base": {
    "avg_queue": {
      "mean": 10.861864197530865,
      "n_rows": 30
    },
    "throughput": {
      "mean": 451.8,
      "n_rows": 30
    }
  },
  "GAT-DQN": {
    "avg_queue": {
      "mean": 10.511712962962964,
      "n_rows": 30
    },
    "throughput": {
      "mean": 465.46666666666664,
      "n_rows": 30
    }
  }
}