{
  "DQN": {
    "avg_queue": {
      "mean": 11.460297037037039,
      "n_rows": 250
    },
    "throughput": {
      "mean": 442.144,
      "n_rows": 250
    }
  },
  "GNN-DQN": {
    "avg_queue": {
      "mean": 11.042302222222222,
      "n_rows": 250
    },
    "throughput": {
      "mean": 450.92,
      "n_rows": 250
    }
  },
  "GAT-DQN-Base": {
    "avg_queue": {
      "mean": 11.004632962962962,
      "n_rows": 250
    },
    "throughput": {
      "mean": 454.14,
      "n_rows": 250
    }
  },
  "GAT-DQN": {
    "avg_queue": {
      "mean": 11.050653333333331,
      "n_rows": 250
    },
    "throughput": {
      "mean": 454.124,
      "n_rows": 250
    }
  }
}