{
  "episode": 19,
  "model_type": "GNN-DQN",
  "epsilon": 0.5725,
  "global_step": 4000,
  "agents": 16,
  "learning_rate": 0.0005120000000000001,
  "avg_reward": -1180.5671875000003,
  "avg_queue": 4.5509375,
  "throughput": 1838.0,
  "avg_travel_time": 17.100108813928184,
  "updates": 200.0,
  "loss": 3.503377376794815,
  "policy_loss": 0.0,
  "value_loss": 0.0,
  "time_of_day": 0.0,
  "global_congestion": 0.75
}