{
  "episode": 4,
  "model_type": "GNN-DQN",
  "epsilon": 0.865,
  "global_step": 1500,
  "agents": 20,
  "learning_rate": 0.0004096000000000001,
  "avg_reward": -2255.1112499999986,
  "avg_queue": 6.119999999999998,
  "throughput": 3424.0,
  "avg_travel_time": 22.66764018691589,
  "updates": 300.0,
  "loss": 2.3406749784946443,
  "policy_loss": 0.0,
  "value_loss": 0.0,
  "time_of_day": 0.0,
  "global_congestion": 0.55
}