{
  "episode": 100,
  "total_episodes": 100,
  "model_type": "DQN",
  "epsilon": 0.1,
  "per_beta": 1.0,
  "global_step": 60000,
  "training_updates": 600.0,
  "agents": 9,
  "learning_rate": 0.0001,
  "avg_reward": 0.0017330246913580235,
  "avg_queue": 34.22222222222222,
  "throughput": 263,
  "avg_travel_time": 195.7982456140351,
  "updates": 600.0,
  "loss": 0.07712595880962908,
  "policy_loss": 0.0,
  "value_loss": 0.0,
  "time_of_day": 0.0,
  "global_congestion": 0.0
}