{
  "episode": 250,
  "total_episodes": 250,
  "model_type": "GAT-DQN",
  "epsilon": 0.01,
  "per_beta": 1.0,
  "global_step": 75000,
  "training_updates": 300.0,
  "agents": 9,
  "learning_rate": 0.001,
  "gamma": 0.99,
  "avg_reward": -0.3594672839506173,
  "avg_queue": 11.094259259259259,
  "throughput": 459,
  "avg_travel_time": 111.42794117647058,
  "updates": 300.0,
  "loss": 0.3594519704580307,
  "policy_loss": 0.0,
  "value_loss": 0.0,
  "time_of_day": 0.0,
  "global_congestion": 0.0
}