{
  "episode": 250,
  "total_episodes": 250,
  "model_type": "GNN-DQN",
  "epsilon": 0.01,
  "per_beta": 1.0,
  "global_step": 75000,
  "training_updates": 300.0,
  "agents": 9,
  "learning_rate": 0.001,
  "gamma": 0.99,
  "avg_reward": -0.2656253086419752,
  "avg_queue": 8.246481481481482,
  "throughput": 501,
  "avg_travel_time": 53.746506986027946,
  "updates": 300.0,
  "loss": 0.40480569936335087,
  "policy_loss": 0.0,
  "value_loss": 0.0,
  "time_of_day": 0.0,
  "global_congestion": 0.0
}