{
  "episode": 4,
  "model_type": "GAT-DQN",
  "epsilon": 0.865,
  "global_step": 1500,
  "agents": 20,
  "learning_rate": 0.0004096000000000001,
  "avg_reward": -2414.8362499999994,
  "avg_queue": 6.5621666666666645,
  "throughput": 3425.0,
  "avg_travel_time": 23.77985401459854,
  "updates": 300.0,
  "loss": 2.916895031929016,
  "policy_loss": 0.0,
  "value_loss": 0.0,
  "time_of_day": 0.0,
  "global_congestion": 0.55
}