{
  "episode": 19,
  "model_type": "GAT-DQN",
  "epsilon": 0.5725,
  "global_step": 4000,
  "agents": 16,
  "learning_rate": 0.0005120000000000001,
  "avg_reward": -1193.6609374999998,
  "avg_queue": 4.59,
  "throughput": 1874.0,
  "avg_travel_time": 17.185699039487726,
  "updates": 200.0,
  "loss": 4.16984263420105,
  "policy_loss": 0.0,
  "value_loss": 0.0,
  "time_of_day": 0.0,
  "global_congestion": 0.625
}