{
  "episode": 4,
  "model_type": "GNN-A2C",
  "epsilon": 0.0,
  "global_step": 1500,
  "agents": 20,
  "learning_rate": 0.0004096000000000001,
  "avg_reward": -2320.124999999999,
  "avg_queue": 6.227500000000001,
  "throughput": 3447.0,
  "avg_travel_time": 22.9445894981143,
  "updates": 1.0,
  "loss": 0.0,
  "policy_loss": -594.68701171875,
  "value_loss": 604841.8125,
  "time_of_day": 0.0,
  "global_congestion": 0.5
}