{
  "episode": 19,
  "model_type": "GNN-A2C",
  "epsilon": 0.0,
  "global_step": 4000,
  "agents": 16,
  "learning_rate": 0.0005120000000000001,
  "avg_reward": -1332.0343749999988,
  "avg_queue": 5.121875,
  "throughput": 1860.0,
  "avg_travel_time": 19.032258064516128,
  "updates": 1.0,
  "loss": 0.0,
  "policy_loss": -1068.09326171875,
  "value_loss": 438403.75,
  "time_of_day": 0.0,
  "global_congestion": 0.3125
}