{
  "uniform": {
    "Fixed-Time": {
      "avg_queue_pcu": {
        "mean": 12.421993827160493,
        "std": 0.7720381000459579,
        "n_episodes": 15
      },
      "avg_travel_time": {
        "mean": 69.49213804271416,
        "std": 4.689714255908023,
        "n_episodes": 15
      },
      "throughput": {
        "mean": 435.6666666666667,
        "std": 31.771405732548605,
        "n_episodes": 15
      }
    },
    "Webster": {
      "avg_queue_pcu": {
        "mean": 13.451611111111113,
        "std": 1.043383667385231,
        "n_episodes": 15
      },
      "avg_travel_time": {
        "mean": 74.5391414204264,
        "std": 4.153684268288198,
        "n_episodes": 15
      },
      "throughput": {
        "mean": 429.2,
        "std": 26.63381309538685,
        "n_episodes": 15
      }
    },
    "MaxPressure": {
      "avg_queue_pcu": {
        "mean": 14.179740740740737,
        "std": 0.9225308480064756,
        "n_episodes": 15
      },
      "avg_travel_time": {
        "mean": 48.43499031974937,
        "std": 6.9051017960195935,
        "n_episodes": 15
      },
      "throughput": {
        "mean": 388.6666666666667,
        "std": 15.486194568783585,
        "n_episodes": 15
      }
    }
  },
  "morning_peak": {
    "Fixed-Time": {
      "avg_queue_pcu": {
        "mean": 15.31754320987654,
        "std": 1.2176959651310415,
        "n_episodes": 15
      },
      "avg_travel_time": {
        "mean": 72.69380237394974,
        "std": 3.774934757209568,
        "n_episodes": 15
      },
      "throughput": {
        "mean": 484.8666666666667,
        "std": 34.41098015976231,
        "n_episodes": 15
      }
    },
    "Webster": {
      "avg_queue_pcu": {
        "mean": 16.00937037037037,
        "std": 1.0006221031330775,
        "n_episodes": 15
      },
      "avg_travel_time": {
        "mean": 76.33917976534175,
        "std": 3.8006893421036057,
        "n_episodes": 15
      },
      "throughput": {
        "mean": 489.73333333333335,
        "std": 26.72942614838976,
        "n_episodes": 15
      }
    },
    "MaxPressure": {
      "avg_queue_pcu": {
        "mean": 16.340123456790124,
        "std": 0.9079795473079351,
        "n_episodes": 15
      },
      "avg_travel_time": {
        "mean": 43.43921264758886,
        "std": 7.330836899193307,
        "n_episodes": 15
      },
      "throughput": {
        "mean": 444.8666666666667,
        "std": 12.230381115166535,
        "n_episodes": 15
      }
    }
  },
  "evening_peak": {
    "Fixed-Time": {
      "avg_queue_pcu": {
        "mean": 20.96616049382716,
        "std": 1.420231139805775,
        "n_episodes": 15
      },
      "avg_travel_time": {
        "mean": 83.05062247888456,
        "std": 3.5106572894973285,
        "n_episodes": 15
      },
      "throughput": {
        "mean": 530.9333333333333,
        "std": 25.621518733717213,
        "n_episodes": 15
      }
    },
    "Webster": {
      "avg_queue_pcu": {
        "mean": 21.91977160493827,
        "std": 1.1295135003385466,
        "n_episodes": 15
      },
      "avg_travel_time": {
        "mean": 80.99693930291183,
        "std": 3.296152790425425,
        "n_episodes": 15
      },
      "throughput": {
        "mean": 504.6,
        "std": 27.48526878165829,
        "n_episodes": 15
      }
    },
    "MaxPressure": {
      "avg_queue_pcu": {
        "mean": 19.74377160493827,
        "std": 1.1333413425979126,
        "n_episodes": 15
      },
      "avg_travel_time": {
        "mean": 42.55682412530572,
        "std": 4.2570763833099825,
        "n_episodes": 15
      },
      "throughput": {
        "mean": 524.8666666666667,
        "std": 22.168646528123652,
        "n_episodes": 15
      }
    }
  }
}