{
  "episode": 250,
  "total_episodes": 250,
  "model_type": "DQN",
  "epsilon": 0.01,
  "per_beta": 1.0,
  "global_step": 75000,
  "training_updates": 300.0,
  "agents": 9,
  "learning_rate": 0.001,
  "gamma": 0.99,
  "avg_reward": -0.37928024691358025,
  "avg_queue": 11.808703703703705,
  "throughput": 426,
  "avg_travel_time": 56.6150234741784,
  "updates": 300.0,
  "loss": 0.7839321708679199,
  "policy_loss": 0.0,
  "value_loss": 0.0,
  "time_of_day": 0.0,
  "global_congestion": 0.0
}