{
  "episode": 250,
  "total_episodes": 250,
  "model_type": "DQN",
  "epsilon": 0.01,
  "per_beta": 1.0,
  "global_step": 75000,
  "training_updates": 300.0,
  "agents": 9,
  "learning_rate": 0.001,
  "gamma": 0.99,
  "avg_reward": -0.4226086419753087,
  "avg_queue": 13.35537037037037,
  "throughput": 439,
  "avg_travel_time": 118.41369472182596,
  "updates": 300.0,
  "loss": 0.9528357587258021,
  "policy_loss": 0.0,
  "value_loss": 0.0,
  "time_of_day": 0.0,
  "global_congestion": 0.0
}