{
  "episodes": 50,
  "average_metrics": {
    "avg_reward": -1497.828083333333,
    "avg_queue": 3.892011111111111,
    "throughput": 2114.44,
    "avg_travel_time": 15.007675573021407,
    "loss": 2.6496372604966756
  },
  "final_episode": {
    "episode": 49,
    "epsilon": 0.05000000074505806,
    "meta_epsilon": 0.05000000074505806,
    "meta_lr_scale": 0.5,
    "global_step": 15000,
    "agents": 12,
    "learning_rate": 0.0004096000000000001,
    "avg_reward": -1381.841666666667,
    "avg_queue": 3.5780555555555558,
    "throughput": 2087.0,
    "avg_travel_time": 14.073790129372306,
    "updates": 300.0,
    "loss": 2.7827847544352213,
    "time_of_day": 0.0,
    "global_congestion": 1.0
  },
  "plain_english": "Over the training run, the controller reduced queues and travel time while maintaining or improving throughput. The averages summarize performance across all episodes; the final episode shows the latest results that the dashboard displays."
}