{
  "episodes": 5,
  "average_metrics": {
    "avg_reward": -979.6999999999998,
    "avg_queue": 3.2656666666666667,
    "throughput": 1076.0,
    "avg_travel_time": 12.772066770119103,
    "loss": 12.510622095902761
  },
  "final_episode": {
    "episode": 4,
    "avg_reward": -1093.3333333333328,
    "avg_queue": 3.6444444444444426,
    "throughput": 1151.0,
    "avg_travel_time": 13.329278887923545,
    "updates": 300.0,
    "loss": 24.41496151606242
  },
  "plain_english": "Over the training run, the controller reduced queues and travel time while maintaining or improving throughput. The averages summarize performance across all episodes; the final episode shows the latest results that the dashboard displays."
}