{
  "episodes": 26,
  "average_metrics": {
    "avg_reward": -870.8461538461538,
    "avg_queue": 2.9028205128205125,
    "throughput": 1065.3846153846155,
    "avg_travel_time": 11.686784625166034,
    "loss": 23.54030278936274
  },
  "final_episode": {
    "episode": 25,
    "epsilon": 0.05,
    "global_step": 7800,
    "agents": 6,
    "avg_reward": -808.8333333333335,
    "avg_queue": 2.6961111111111116,
    "throughput": 1038.0,
    "avg_travel_time": 11.26204238921002,
    "updates": 300.0,
    "loss": 39.094306780497234
  },
  "plain_english": "Over the training run, the controller reduced queues and travel time while maintaining or improving throughput. The averages summarize performance across all episodes; the final episode shows the latest results that the dashboard displays."
}