{
  "episode": 250,
  "total_episodes": 250,
  "model_type": "GAT-DQN-Base",
  "epsilon": 0.01,
  "per_beta": 1.0,
  "global_step": 75000,
  "training_updates": 300.0,
  "agents": 9,
  "learning_rate": 0.001,
  "gamma": 0.99,
  "avg_reward": -0.48889320987654333,
  "avg_queue": 15.038425925925928,
  "throughput": 414,
  "avg_travel_time": 55.707729468599034,
  "updates": 300.0,
  "loss": 0.33657121802369755,
  "policy_loss": 0.0,
  "value_loss": 0.0,
  "time_of_day": 0.0,
  "global_congestion": 0.0
}