{
  "episode": 13,
  "total_episodes": 50,
  "model_type": "GAT-DQN",
  "epsilon": 0.6972541176470588,
  "per_beta": 0.5469387755102041,
  "global_step": 3900,
  "training_updates": 300.0,
  "agents": 9,
  "learning_rate": 0.001,
  "gamma": 0.99,
  "avg_reward": -0.38958703703703707,
  "avg_queue": 12.055925925925926,
  "throughput": 564,
  "avg_travel_time": 115.4438839848676,
  "updates": 300.0,
  "loss": 0.04318583299716314,
  "policy_loss": 0.0,
  "value_loss": 0.0,
  "time_of_day": 0.0,
  "global_congestion": 0.0
}