{
  "episode": 15,
  "total_episodes": 50,
  "model_type": "GAT-DQN-Base",
  "epsilon": 0.6506658823529412,
  "per_beta": 0.5714285714285714,
  "global_step": 4500,
  "training_updates": 300.0,
  "agents": 9,
  "learning_rate": 0.001,
  "gamma": 0.99,
  "avg_reward": -0.5028401234567897,
  "avg_queue": 15.474629629629629,
  "throughput": 443,
  "avg_travel_time": 114.62627551020408,
  "updates": 300.0,
  "loss": 0.0421552958789592,
  "policy_loss": 0.0,
  "value_loss": 0.0,
  "time_of_day": 0.0,
  "global_congestion": 0.0
}