{
  "episode": 250,
  "total_episodes": 250,
  "model_type": "GAT-DQN-Base",
  "epsilon": 0.01,
  "per_beta": 1.0,
  "global_step": 75000,
  "training_updates": 300.0,
  "agents": 9,
  "learning_rate": 0.001,
  "gamma": 0.99,
  "avg_reward": -0.35756728395061715,
  "avg_queue": 11.033703703703704,
  "throughput": 522,
  "avg_travel_time": 102.38966480446928,
  "updates": 300.0,
  "loss": 0.3667207270860672,
  "policy_loss": 0.0,
  "value_loss": 0.0,
  "time_of_day": 0.0,
  "global_congestion": 0.0
}