{
  "episode": 250,
  "total_episodes": 250,
  "model_type": "GAT-DQN-Base",
  "epsilon": 0.01,
  "per_beta": 1.0,
  "global_step": 75000,
  "training_updates": 300.0,
  "agents": 9,
  "learning_rate": 0.001,
  "gamma": 0.99,
  "avg_reward": -0.3531265432098767,
  "avg_queue": 10.855555555555556,
  "throughput": 455,
  "avg_travel_time": 54.66593406593407,
  "updates": 300.0,
  "loss": 0.3435000542551279,
  "policy_loss": 0.0,
  "value_loss": 0.0,
  "time_of_day": 0.0,
  "global_congestion": 0.0
}