{
  "episode": 250,
  "total_episodes": 250,
  "model_type": "GNN-DQN",
  "epsilon": 0.01,
  "per_beta": 1.0,
  "global_step": 75000,
  "training_updates": 300.0,
  "agents": 9,
  "learning_rate": 0.001,
  "gamma": 0.99,
  "avg_reward": -0.4058734567901233,
  "avg_queue": 12.488333333333335,
  "throughput": 496,
  "avg_travel_time": 64.2399193548387,
  "updates": 300.0,
  "loss": 0.4013234841575225,
  "policy_loss": 0.0,
  "value_loss": 0.0,
  "time_of_day": 0.0,
  "global_congestion": 0.0
}