{
  "episode": 17,
  "total_episodes": 50,
  "model_type": "GNN-DQN",
  "epsilon": 0.6040776470588236,
  "per_beta": 0.5959183673469388,
  "global_step": 5100,
  "training_updates": 300.0,
  "agents": 9,
  "learning_rate": 0.001,
  "gamma": 0.99,
  "avg_reward": -0.4542759259259259,
  "avg_queue": 13.981944444444446,
  "throughput": 465,
  "avg_travel_time": 112.3,
  "updates": 300.0,
  "loss": 0.04754261065429698,
  "policy_loss": 0.0,
  "value_loss": 0.0,
  "time_of_day": 0.0,
  "global_congestion": 0.0
}