{
  "episode": 80,
  "total_episodes": 80,
  "model_type": "GNN-DQN",
  "epsilon": 0.05,
  "per_beta": 1.0,
  "global_step": 24000,
  "training_updates": 300.0,
  "agents": 9,
  "learning_rate": 0.0003,
  "avg_reward": -0.23128703703703699,
  "avg_queue": 25.88888888888889,
  "throughput": 116,
  "avg_travel_time": 142.07062146892656,
  "updates": 300.0,
  "loss": 0.10935944063588977,
  "policy_loss": 0.0,
  "value_loss": 0.0,
  "time_of_day": 0.0,
  "global_congestion": 0.0
}