{
  "episode": 250,
  "total_episodes": 250,
  "model_type": "Fed-ST-GAT",
  "epsilon": 0.1,
  "per_beta": 1.0,
  "global_step": 75000,
  "training_updates": 300.0,
  "agents": 9,
  "learning_rate": 0.0001,
  "avg_reward": 0.002897530864197531,
  "avg_queue": 17.333333333333332,
  "throughput": 105,
  "avg_travel_time": 136.75572519083968,
  "updates": 300.0,
  "loss": 0.003940976200694287,
  "policy_loss": 0.0,
  "value_loss": 0.0,
  "time_of_day": 0.0,
  "global_congestion": 0.0
}