{
  "episode": 9,
  "epsilon": 0.487,
  "global_step": 3000,
  "agents": 8,
  "avg_reward": -823.625,
  "avg_queue": 2.745416666666667,
  "throughput": 1436.0,
  "avg_travel_time": 11.089136490250697,
  "updates": 300.0,
  "loss": 32.88207792282105
}