{
  "episode": 77,
  "total_episodes": 100,
  "model_type": "ST-GAT",
  "epsilon": 0.19761368421052627,
  "per_beta": 0.8606060606060606,
  "global_step": 23100,
  "training_updates": 300.0,
  "agents": 9,
  "learning_rate": 0.0001,
  "gamma": 0.95,
  "avg_reward": 0.07346253703703708,
  "avg_queue": 14.810370370370372,
  "throughput": 525,
  "avg_travel_time": 113.85227272727273,
  "updates": 300.0,
  "loss": 0.01353564465418458,
  "policy_loss": 0.0,
  "value_loss": 0.0,
  "time_of_day": 0.0,
  "global_congestion": 0.0
}