{
  "episode": 99,
  "model_type": "GNN-DQN",
  "epsilon": 0.05,
  "global_step": 30000,
  "training_updates": 300.0,
  "agents": 2,
  "learning_rate": 0.0001,
  "avg_reward": -27.219000000000033,
  "avg_queue": 3.0733333333333333,
  "throughput": 433.0,
  "avg_travel_time": 10.475750577367206,
  "updates": 300.0,
  "loss": 0.000983660554823776,
  "policy_loss": 0.0,
  "value_loss": 0.0,
  "time_of_day": 0.0,
  "global_congestion": 0.5
}