{
  "episode": 185,
  "total_episodes": 200,
  "model_type": "ST-GAT",
  "epsilon": 0.036070000000000046,
  "per_beta": 0.9547738693467337,
  "global_step": 55500,
  "training_updates": 300.0,
  "agents": 9,
  "learning_rate": 0.0001,
  "avg_reward": 0.009790493827160494,
  "avg_queue": 7.611111111111111,
  "throughput": 254,
  "avg_travel_time": 112.83246073298429,
  "updates": 300.0,
  "loss": 0.08393316892286141,
  "policy_loss": 0.0,
  "value_loss": 0.0,
  "time_of_day": 0.0,
  "global_congestion": 0.0
}