{
  "episode": 1,
  "total_episodes": 100,
  "model_type": "DQN",
  "epsilon": 0.9881645833333333,
  "per_beta": 0.4,
  "global_step": 300,
  "training_updates": 189.0,
  "agents": 9,
  "learning_rate": 0.0003,
  "avg_reward": -0.13168456790123448,
  "avg_queue": 28.77777777777778,
  "throughput": 182,
  "avg_travel_time": 110.10909090909091,
  "updates": 189.0,
  "loss": 0.03410135633336804,
  "policy_loss": 0.0,
  "value_loss": 0.0,
  "time_of_day": 0.0,
  "global_congestion": 0.0
}