{
  "episode": 3,
  "model_type": "GNN-DQN",
  "epsilon": 0.8218,
  "global_step": 1200,
  "agents": 8,
  "learning_rate": 0.0001,
  "avg_reward": 960.4666666666669,
  "avg_queue": 2.378888888888888,
  "throughput": 1567.0,
  "avg_travel_time": 12.095724313975749,
  "updates": 300.0,
  "loss": 3.240273904403051,
  "policy_loss": 0.0,
  "value_loss": 0.0,
  "time_of_day": 0.0,
  "global_congestion": 0.8888888888888888
}