{
  "episode": 10,
  "model_type": "PPO-GNN",
  "epsilon": 0.0,
  "global_step": 3300,
  "agents": 8,
  "learning_rate": 6.400000000000001e-05,
  "avg_reward": -1537.875,
  "avg_queue": 3.4775,
  "throughput": 1391.0,
  "avg_travel_time": 13.817397555715313,
  "updates": 1.0,
  "loss": 0.0,
  "policy_loss": -0.00838765047956258,
  "value_loss": 84.97803020477295,
  "time_of_day": 0.0,
  "global_congestion": 0.875
}