{
  "episode": 1,
  "model_type": "GNN-DQN",
  "epsilon": 1.0,
  "global_step": 600,
  "training_updates": 300.0,
  "agents": 10,
  "learning_rate": 0.001,
  "avg_reward": 198.76999999999998,
  "avg_queue": 3.772000000000001,
  "throughput": 1807.0,
  "avg_travel_time": 14.25677919203099,
  "updates": 300.0,
  "loss": 1.212297088901202,
  "policy_loss": 0.0,
  "value_loss": 0.0,
  "time_of_day": 0.0,
  "global_congestion": 0.6
}