{
  "episode": 2,
  "total_episodes": 100,
  "model_type": "DQN",
  "epsilon": 0.9789240740740741,
  "per_beta": 0.40606060606060607,
  "global_step": 600,
  "training_updates": 300.0,
  "agents": 9,
  "learning_rate": 0.0003,
  "avg_reward": -0.07138641975308643,
  "avg_queue": 18.11111111111111,
  "throughput": 120,
  "avg_travel_time": 116.89285714285714,
  "updates": 300.0,
  "loss": 0.009762644250877202,
  "policy_loss": 0.0,
  "value_loss": 0.0,
  "time_of_day": 0.0,
  "global_congestion": 0.0
}