{
  "episode": 2,
  "model_type": "GNN-DQN",
  "epsilon": 0.05000000074505806,
  "meta_epsilon": 0.05000000074505806,
  "meta_lr_scale": 0.5,
  "meta_value": -71.8806381225586,
  "global_step": 150,
  "agents": 2,
  "learning_rate": 0.00032,
  "avg_reward": -253.5,
  "avg_queue": 3.9,
  "throughput": 52.0,
  "avg_travel_time": 14.615384615384615,
  "updates": 0.0,
  "loss": 0.0,
  "policy_loss": 0.0,
  "value_loss": 0.0,
  "time_of_day": 0.0,
  "global_congestion": 0.0
}