{
  "episode": 4,
  "avg_reward": -1093.3333333333328,
  "avg_queue": 3.6444444444444426,
  "throughput": 1151.0,
  "avg_travel_time": 13.329278887923545,
  "updates": 300.0,
  "loss": 24.41496151606242
}